ALTER TABLE `PREFIXads` add `make` varchar(64) default NULL;

ALTER TABLE `PREFIXads` add `motorcycle_make` varchar(64) default NULL;

ALTER TABLE `PREFIXads` add `make_rvs` varchar(64) default NULL;

ALTER TABLE `PREFIXads` add `make1` varchar(64) default NULL;

ALTER TABLE `PREFIXads` add `model` varchar(64) default NULL;

ALTER TABLE `PREFIXads` add `model1` varchar(64) default NULL;

ALTER TABLE `PREFIXads` add `bodystyle` varchar(64) default NULL;

ALTER TABLE `PREFIXads` add `year` int(4) default NULL;

ALTER TABLE `PREFIXads` add `mileage` int(10) default NULL;

ALTER TABLE `PREFIXads` add `transmission` varchar(64) default NULL;

ALTER TABLE `PREFIXads` add `fuel` varchar(64) default NULL;

ALTER TABLE `PREFIXads` add `doors` int(2) default NULL;

ALTER TABLE `PREFIXads` add `color` varchar(64) default NULL;

ALTER TABLE `PREFIXads` add `engine_size` int(5) default NULL;

ALTER TABLE `PREFIXads` add `horsepower` int(5) default NULL;

ALTER TABLE `PREFIXads` add `condition_vehicles` varchar(64) default NULL;

ALTER TABLE `PREFIXads` add `length` float default NULL;

ALTER TABLE `PREFIXads` add `vehicle_features` text default NULL;
ALTER TABLE `PREFIXads` add `rv_features` text default NULL;

UPDATE `PREFIXseo_pages` set `title`='Auto Classifieds Ads', `meta_description`='Cars Online Classified Ads. Search for cars or advertise your car for sale!', `meta_keywords`='cars,used cars,auto classifieds,new cars,classifieds,auto sale, autos,cars for sale,cars sale, search cars,used motorcycles,motorcycles for sale' where id=1;
UPDATE `PREFIXseo_pages` set `title`='%city %category_name Auto Classifieds Ads', meta_description='%city %category_name Cars Online Classified Ads. Search for cars or advertise your car for sale!', meta_keywords='%city, %category_name, cars,used cars,auto classifieds,new cars,classifieds,auto sale, autos,cars for sale,cars sale, search cars,used motorcycles,motorcycles for sale' where id=3;

INSERT INTO `PREFIXcountries` (`id`, `name`) VALUES 
(1, 'USA'),(2, 'Canada'),(3, 'UK'),(4, 'Spain'),(5, 'France'),(6, 'Germany'),(7, 'Austria');

INSERT INTO `PREFIXregions` (`name`, `dep`) VALUES 
('AL', 1), ('AK', 1), ('AZ', 1), ('AR', 1), ('CA', 1), ('CO', 1), ('CT', 1), ('DE', 1), ('FL', 1), ('GA', 1),
('HI', 1), ('ID', 1), ('IL', 1), ('IN', 1), ('IA', 1), ('KS', 1), ('KY', 1), ('LA', 1), ('ME', 1), ('MD', 1),
('MA', 1), ('MI', 1), ('MN', 1), ('MS', 1), ('MO', 1), ('MT', 1), ('NE', 1), ('NV', 1), ('NH', 1), ('NJ', 1),
('NM', 1), ('NY', 1), ('NC', 1), ('ND', 1), ('OH', 1), ('OK', 1), ('OR', 1), ('PA', 1), ('RI', 1), ('SC', 1),
('SD', 1), ('TN', 1), ('TX', 1), ('UT', 1), ('VA', 1), ('VT', 1), ('WA', 1), ('WV', 1), ('WI', 1), ('WY', 1),
('Alberta', 2),('British Columbia', 2),('Manitoba', 2),('New Brunswick', 2),('Newfoundland and Labrador', 2),('Northwest Territories', 2),('Nova Scotia', 2),('Nunavut', 2),('Ontario', 2),('Prince Edward Island', 2),('Quebec', 2),('Saskatchewan', 2),('Yukon', 2),
('East England', 3),('East Midlands', 3),('London', 3),('North East', 3),('North West', 3),('Ireland', 3),('Scotland', 3),('South East', 3),('South West', 3),('Wales', 3),('West Midlands', 3),('Yorks & Humber', 3),
('Álava', 4),('Albacete', 4),('Alicante', 4),('Almería', 4),('Asturias', 4),('Ávila', 4),('Badajoz', 4),('Balears (Illas)', 4),('Barcelona', 4),('Burgos', 4),('Cáceres', 4),('Cádiz', 4),('Cantabria', 4),('Castellón', 4), ('Ceuta', 4),('Ciudad Real', 4),('Córdoba', 4),('Coruña (La)', 4),('Cuenca', 4),('Gerona', 4),('Granada', 4),('Guadalajara', 4),('Guipúzcua', 4),('Huelva', 4),('Huesca', 4),('Jaén', 4),('León', 4),('Lérida', 4),('Lugo', 4),('Madrid', 4),('Málaga', 4),('Melilla', 4),('Murcia', 4),('Navarra', 4),('Orense', 4),('Palencia', 4),('Palmas (Las)', 4),('Pontevedra', 4),('Rioja (La)', 4),('Salamanca', 4),('Segovia', 4),('Sevilla', 4),('Soria', 4),('Tarragona', 4),('Tenerife (Sta Cruz)', 4),('Teruel', 4),('Toledo', 4),('Valencia', 4),('Valladolid', 4),('Vizcaya', 4),('Zamora', 4),('Zaragoza', 4),
('Alsace', 5),('Aquitaine', 5),('Auvergne', 5),('Burgundy', 5),('Brittany', 5),('Centre', 5),('Champagne-Ardenne', 5),('Corsica', 5),('Franche-Comté', 5),('Franche-Comté', 5),('Languedoc-Roussillon', 5),('Limousin', 5),('Lorraine', 5),('Midi-Pyrénées', 5),('Nord-Pas-de-Calais', 5),('Lower Normandy', 5),('Upper Normandy', 5),('Upper Normandy', 5),('Pays de la Loire', 5),('Picardy', 5),('Poitou-Charentes', 5),('Provence-Alpes-Côte d\'Azur', 5),('Rhône-Alpes', 5),
('Baden-Wurttemberg', 6),('Bavaria', 6),('Berlin', 6),('Brandenburg', 6),('Bremen', 6),('Hamburg', 6),('Hesse', 6),('Lower Saxony', 6),('Mecklenburg-Vorpommerr', 6),('North Rhine-Westphalia', 6),('Rhineland-Palatinate', 6),('Saarland', 6),('Saxony', 6),('Saxony-Anhalt', 6),('Schleswig-Holstein', 6),
('Burgenland', 7),('Carinthia', 7),('Lower Austria', 7),('Salzburg', 7),('Styria', 7),('Tyrol', 7),('Upper Austria', 7),('Vienna', 7),('Vorarlberg', 7);

INSERT INTO `PREFIXfieldsets` (`id`, `name`, `description`) VALUES 
(1, 'Cars', 'Cars Fieldset'),
(3, 'Motorcycles & ATVs', 'Motorcycles & ATVs Fieldset'),
(5, 'RVs', 'RVs Fieldset'),
(6, 'Parts & Accessories', 'Parts & Accessories Fieldset');

INSERT INTO `PREFIXcategories` (`id`, `picture`, `parent_id`, `fieldset`, `order_no`, `groups`) VALUES 
(1, 'car.png', 0, 1, 1, '0'),
(2, 'classics.png', 0, 1, 2, '0'),
(3, 'motorcycle.png', 0, 2, 3, '0'),
(4, 'trucks.png', 0, 1, 4, '0'),
(5, 'rvs.png', 0, 3, 5, '0'),
(6, 'car_parts.png', 0, 4, 6, '0');


INSERT INTO `PREFIXcategories_lang` (`id`, `name`, `description`, `page_title`, `meta_keywords`, `meta_description`) VALUES 
(1, 'Cars', 'New or used', 'Cars for Sale', 'car,cars,used cars,sport cars,modified cars,cheap cars,cars for sale,sell cars,buy cars,car sales,search cars,used car for sale,car dealers,muscle cars,exotic cars', 'Cars Classifieds Advertising!  New cars, used cars, sport cars and much more.'),
(2, 'Classic Cars', 'Classic or vintage cars', 'Classic Cars for Sale', 'classic car,classics cars,classics car sale,antique classic cars,classic sports cars,old classic cars,used classic cars,classic muscle cars,classic car sales,classic cars for sale', 'Classic Cars Classifieds Advertising! Classic sports cars, classic muscle cars and much more.'),
(3, 'Motorcycles & ATVs', 'Buy or sell', 'Motorcycles & ATV''s for Sale', 'motorcycles,atvs,used motorcycles,atv''s,classic motorcycles,used atvs,atvs for sale,motorcycles for sale,harley davidson motorcycles,yamaha motorcycles,yamaha motorcycles', 'Shop for all types of used motorcycles or ATVs, or sell your used motorcycle or ATV.'),
(4, 'Trucks, Vans & SUVs', 'Search or find', 'Trucks, Vans & SUVs for Sale', 'trucks,vans,suv''s,used trucks,used vans,used pickup trucks,4x4 trucks,used suvs,cheap trucks,trucks for sale,pickup trucks,commercial trucks,cargo vans,cheap vans,suv vans', 'Browse listings of Trucks, Vans and SUVs or post your ad with photos.'),
(5, 'RVs', 'New or used RVs', 'RVs for sale', 'rvs,rv''s,used rvs,rvs for sale,small rvs,rv camper,rv trailer,rvs for sale by owner,rv dealers,rv travel trailers,trailer rvs,rvs sales', 'Used RVs, travel trailers and motorhomes classifieds. Buy and sell new or used recreational vehicles.'),
(6, 'Parts & Accessories', 'Car parts and accessories.', 'Parts & Accessories', 'car parts,car part,car performance parts,aftermarket car parts,car parts online,new car parts,car body parts,car accessories,automotive car parts,mercedes car parts,audi car parts,vw car parts', 'Buy and sell car parts, used car parts, car spares, car accessories.');


INSERT INTO `PREFIXdepending_fields` (`id`, `caption1`, `caption2`, `table1`, `table2`, `required1`, `required2`) VALUES 
(2, 'make', 'model', 'makes_dep', 'models_dep', 1, 1 );


INSERT INTO `PREFIXdepending_fields_lang` (`id`, `name1`, `name2`, `top_str1`, `top_str2`, `error_message1`, `error_message2`) VALUES 
(2, 'Make', 'Model', 'Select Make', 'Select Model', 'Please choose a make!', 'Please choose a model!' );



INSERT INTO `PREFIXfields` (`id`, `fieldset`, `caption`, `type`, `order_no`, `is_numeric`, `validation_type`, `size`, `min`, `max`, `required`, `editable`, `advanced_search`, `quick_search`, `search_type`, `max_uploaded_size`, `extensions`, `image_resize`, `dep_id`, `other_val`, `read_only`, `active`) VALUES 
(5, '1', 'makes_models', 'depending', 1, 0, '', '', 0, 0, 1, 1, 1, 1, 0, 0, '', '', 2, 1, 0, 1),
(6, '2', 'motorcycle_make', 'menu', 2, 0, '', '', 0, 0, 0, 1, 1, 0, 1, 0, '', '', 0, 1, 0, 1),
(7, '3', 'make_rvs', 'menu', 3, 0, '', '', 0, 0, 0, 1, 1, 0, 1, 0, '', '', 0, 1, 0, 1),
(8, '4', 'make1', 'textbox', 4, 0, '', '', 0, 0, 0, 1, 1, 0, 1, 0, '', '', 0, 0, 0, 1),
(9, '2,3', 'model1', 'textbox', 5, 0, '', '', 0, 0, 0, 1, 1, 0, 1, 0, '', '', 0, 0, 0, 1),
(10, '1', 'bodystyle', 'menu', 6, 0, '', '', 0, 0, 0, 1, 1, 0, 1, 0, '', '', 0, 1, 0, 1),
(11, '1,2,3', 'year', 'textbox', 7, 0, '/^[0-9]+$/', '7', 0, 0, 0, 1, 1, 0, 2, 0, '', '', 0, 0, 0, 1),
(12, '1,2,3', 'mileage', 'textbox', 8, 0, '/^[0-9]+$/', '7', 0, 0, 0, 1, 1, 0, 2, 0, '', '', 0, 0, 0, 1),
(13, '1,2', 'transmission', 'menu', 9, 0, '', '', 0, 0, 0, 1, 1, 0, 1, 0, '', '', 0, 1, 0, 1),
(14, '1,2,3', 'fuel', 'menu', 10, 0, '', '', 0, 0, 0, 1, 1, 0, 1, 0, '', '', 0, 1, 0, 1),
(15, '1', 'doors', 'menu', 11, 1, '', '', 0, 0, 0, 1, 1, 0, 1, 0, '', '', 0, 0, 0, 1),
(16, '1,2,3', 'color', 'menu', 12, 0, '', '', 0, 0, 0, 1, 1, 0, 3, 0, '', '', 0, 1, 0, 1),
(17, '1,2', 'engine_size', 'textbox', 13, 1, '', '7', 0, 0, 0, 1, 1, 0, 2, 0, '', '', 0, 0, 0, 1),
(18, '1', 'horsepower', 'textbox', 14, 0, '/^[0-9]+$/', '7', 0, 0, 0, 1, 1, 0, 2, 0, '', '', 0, 0, 0, 1),
(19, '1,2,3', 'condition_vehicles', 'menu', 15, 0, '', '', 0, 0, 0, 1, 1, 0, 1, 0, '', '', 0, 1, 0, 1),
(20, '3', 'length', 'textbox', 16, 1, '', '7', 0, 0, 0, 1, 1, 0, 2, 0, '', '', 0, 0, 0, 1),
(21, '1', 'vehicle_features', 'checkbox_group', 17, 0, '', '', 0, 0, 0, 1, 0, 0, 0, 0, '', '', 0, 0, 0, 1),
(22, '3', 'rv_features', 'checkbox_group', 18, 0, '', '', 0, 0, 0, 1, 0, 0, 0, 0, '', '', 0, 0, 0, 1);

INSERT INTO `PREFIXfields_lang` (`id`, `name`, `top_str`, `error_message`, `info_message`, `default_val`, `prefix`, `postfix`, `elements`, `search_elements`, `date_format`) VALUES 
(5, 'Makes&Models', '', '', '', '', '', '', '', '', ''),
(6, 'Make', 'Select Make', '', '', '', '', '', 'Aprilia|Ariel|Benelli|Bimota|Bmw|Buell|Cagiva|Cz|Derbi|Ducati|Gilera|Harley-Davidson|Honda|Husqvarna|Hyosung|Jawa|Kawasaki|Ktm|Kymco|Malaguti|Moto Guzzi|Mv Agusta|Mz|Peugeot|Piaggio|Polaris|Rieju|Romet|Simson|Suzuki|Triumph|Vespa|Yamaha|Zipp', '', ''),
(7, 'Make', '', '', '', '', '', '', 'Advantage|Big Sky|Cambridge|Cherokee|Corsair|Cougar|Energy|Fleetwood|Fusion|Gearbox|Hornet|Keystone|Montana|Outback|Raptor|Rockstar|Starcraft|Starstream|Terry|TrailRunner|Travel Star|Vanguard|Villa', '', ''),
(8, 'Make', '', '', '', '', '', '', '', '', ''),
(9, 'Model', '', '', '', '', '', '', '', '', ''),
(10, 'Body Style', 'Select Body Style', '', '', '', '', '', 'Hatchback|Saloon|Estate|Convertible|People Carrier|Coupe|4x4|Cabrio|Van / Minibus|Pickup|MPV|Kit Car', '', ''),
(11, 'Year', '', 'Please enter a numeric value for year!', '', '', '', '', '', '', ''),
(12, 'Mileage', '', 'Please enter a numeric value for mileage!', '', '', '', 'Km', '', '', ''),
(13, 'Transmission', 'Select Transmission', '', '', '', '', '', 'Manual|Automatic|Semi-Automatic', '', ''),
(14, 'Fuel', 'Select Fuel Type', '', '', '', '', '', 'Petrol|Diesel|Hybrid|Electric|LPG', '', ''),
(15, 'Doors', 'Select Doors Number', '', '', '', '', '', '2|3|4|5', '', ''),
(16, 'Color', 'Select Color', '', '', '', '', '', 'Beige|Black|Blue|Brown|Burgundy/ Maroon|Cream/ Pearl|Gold|Green|Grey|Orange|Purple|Red|Silver|Turquoise/ Teal|White|Yellow', '', ''),
(17, 'Engine Size', '', 'Please enter a numeric value for engine size!', '', '', '', 'CC', '', '', ''),
(18, 'Horsepower', '', 'Please enter a numeric value for horsepower!', '', '', '', 'HP', '', '', ''),
(19, 'Condition', 'Select Condition', '', '', '', '', '', 'New|Used|Certified Pre-Owned', '', ''),
(20, 'Length', '', 'Please enter a numeric value for length!', '', '', '', 'm', '', '', ''),
(21, 'Vehicle Features', '', '', '', NULL, '', '', '4-Wheel Drive|Alarm|ABS|Driver Airbag|Electronic Stability Program (ESP)|Immobiliser|Passenger Airbag|Rear seat belts|Safety Belt Pretensioners|Safety Belt Pretensioners|Side Airbags|Xenon headlights|Alloy Wheels|Catalytic Converter|Rear Spoiler|Tow Bar|Tuning|Air Conditioning|Auxiliary heating|Climate Control|Cruise Control|Electric heated seats|Leather Seats|Parking Sensors|Power-assisted Steering (PAS)|Power Locks|Power Seats|Power Windows|Sunroof|Tilt Steering Wheel|AM/FM Stereo|Cassette Player|CD Multichanger|CD Player|Navigation System|Premium Sound System', '', ''),
(22, 'RV Features', '', '', '', NULL, '', '', 'Auto Transmission|Aux. Generator|Exhaust Brake|Leveler Jacks|Cruise Control|Backup Camera|CB Radio|Satellite Dish|Solar Panel|Fantastic Fan|Patio Awning|Window Awning|Slide Awning|Awnings All Around', '', '');

DROP TABLE IF EXISTS `PREFIXmakes_dep`;
CREATE TABLE `PREFIXmakes_dep` (
  `id` int(5) NOT NULL auto_increment,
  `name` varchar(64) default NULL,
  `lang_id` varchar(20) default 'DEF_LANG',
  `set_id` int(3) default 0,
  KEY `id` (`id`),
  KEY `idx_lang_id` (`lang_id`),
  KEY `idx_set_id` (`set_id`)
) ENGINE=MyISAM AUTO_INCREMENT=1 CHARSET=::CHARSET:: COLLATE=::COLLATE:: ;

INSERT INTO `PREFIXmakes_dep` (`id`, `name`) VALUES 
(1, 'Abarth'),
(2, 'Acura'),
(3, 'Aixam'),
(4, 'Alfa Romeo'),
(5, 'Alpina'),
(6, 'Andere'),
(7, 'Artega'),
(8, 'Asia Motors'),
(9, 'Aston Martin'),
(10, 'Audi'),
(11, 'Austin'),
(12, 'Austin Healey'),
(13, 'BMW'),
(14, 'Bentley'),
(15, 'Borgward'),
(16, 'Brilliance'),
(17, 'Bugatti'),
(18, 'Buick'),
(19, 'Cadillac'),
(20, 'Casalini'),
(21, 'Caterham'),
(22, 'Chevrolet'),
(23, 'Chrysler'),
(24, 'Citroën'),
(25, 'Cobra'),
(26, 'Corvette'),
(27, 'Dacia'),
(28, 'Daewoo'),
(29, 'Daihatsu'),
(30, 'DeTomaso'),
(31, 'Dodge'),
(32, 'Ferrari'),
(33, 'Fiat'),
(34, 'Fisker'),
(35, 'Ford'),
(36, 'GMC'),
(37, 'Grecav'),
(38, 'Hamann'),
(39, 'Holden'),
(40, 'Honda'),
(41, 'Hummer'),
(42, 'Hyundai'),
(43, 'Infiniti'),
(44, 'Isuzu'),
(45, 'Iveco'),
(46, 'Jaguar'),
(47, 'Jeep'),
(48, 'KTM'),
(49, 'Kia'),
(50, 'Königsegg'),
(51, 'Lada'),
(52, 'Lamborghini'),
(53, 'Lancia'),
(54, 'Land Rover'),
(55, 'Landwind'),
(56, 'Lexus'),
(57, 'Ligier'),
(58, 'Lincoln'),
(59, 'Lotus'),
(60, 'MG'),
(61, 'MINI'),
(62, 'Mahindra'),
(63, 'Maserati'),
(64, 'Maybach'),
(65, 'Mazda'),
(66, 'McLaren'),
(67, 'Mercedes-Benz'),
(68, 'Microcar'),
(69, 'Mitsubishi'),
(70, 'Morgan'),
(71, 'NSU'),
(72, 'Nissan'),
(73, 'Oldsmobile'),
(74, 'Opel'),
(75, 'Pagani'),
(76, 'Peugeot'),
(77, 'Piaggio'),
(78, 'Plymouth'),
(79, 'Pontiac'),
(80, 'Porsche'),
(81, 'Proton'),
(82, 'Renault'),
(83, 'Rolls Royce'),
(84, 'Rover'),
(85, 'Ruf'),
(86, 'Saab'),
(87, 'Santana'),
(88, 'Seat'),
(89, 'Skoda'),
(90, 'Smart'),
(91, 'SpeedART'),
(92, 'Spyker'),
(93, 'Ssangyong'),
(94, 'Subaru'),
(95, 'Suzuki'),
(96, 'TECHART'),
(97, 'TVR'),
(98, 'Talbot'),
(99, 'Tata'),
(100, 'Tesla'),
(101, 'Toyota'),
(102, 'Trabant'),
(103, 'Triumph'),
(104, 'Volkswagen'),
(105, 'Volvo'),
(106, 'Wartburg'),
(107, 'Westfield'),
(108, 'Wiesmann');

UPDATE `PREFIXmakes_dep` set `set_id`=1;

DROP TABLE IF EXISTS `PREFIXmodels_dep`;
CREATE TABLE `PREFIXmodels_dep` (
  `id` int(5) NOT NULL auto_increment,
  `dep` int(2) default NULL,
  `lang_id` varchar(20) default 'DEF_LANG',
  `name` varchar(64) default NULL,
  KEY `id` (`id`),
  KEY `idx_lang_id` (`lang_id`),
  KEY `idx_dep` (`dep`)
) ENGINE=MyISAM AUTO_INCREMENT=1 ;


INSERT INTO `PREFIXmodels_dep` (`id`, `dep`, `name`) VALUES 
(1, 1, '500'),
(2, 1, '500C'),
(3, 1, 'Grande Punto'),
(4, 1, 'Punto Evo'),
(5, 2, 'MDX'),
(6, 2, 'NSX'),
(7, 2, 'RL'),
(8, 2, 'RSX'),
(9, 2, 'TL'),
(10, 2, 'TSX'),
(11, 3, 'City'),
(12, 3, 'Crossline'),
(13, 3, 'Roadline'),
(14, 3, 'Scouty R'),
(15, 4, '8C'),
(16, 4, 'Alfa 145'),
(17, 4, 'Alfa 146'),
(18, 4, 'Alfa 147'),
(19, 4, 'Alfa 155'),
(20, 4, 'Alfa 156'),
(21, 4, 'Alfa 159'),
(22, 4, 'Alfa 164'),
(23, 4, 'Alfa 166'),
(24, 4, 'Alfa 33'),
(25, 4, 'Alfa 75'),
(26, 4, 'Alfa 90'),
(27, 4, 'Alfasud'),
(28, 4, 'Alfetta'),
(29, 4, 'Brera'),
(30, 4, 'Crosswagon'),
(31, 4, 'Giulia'),
(32, 4, 'Giulietta'),
(33, 4, 'GT'),
(34, 4, 'GTV'),
(35, 4, 'Junior'),
(36, 4, 'MiTo'),
(37, 4, 'Spider'),
(38, 4, 'Sprint'),
(39, 5, 'B10'),
(40, 5, 'B12'),
(41, 5, 'B3'),
(42, 5, 'B5'),
(43, 5, 'B6'),
(44, 5, 'B7'),
(45, 5, 'B8'),
(46, 5, 'D 10'),
(47, 5, 'D3'),
(48, 5, 'D5'),
(49, 5, 'Roadster S'),
(50, 5, 'XD3'),
(51, 7, 'GT'),
(52, 8, 'Rocsta'),
(53, 9, 'AR1'),
(54, 9, 'Cygnet'),
(55, 9, 'DB'),
(56, 9, 'DB7'),
(57, 9, 'DB9'),
(58, 9, 'DBS'),
(59, 9, 'Lagonda'),
(60, 9, 'Rapide'),
(61, 9, 'V12 Vantage'),
(62, 9, 'V8 Vantage'),
(63, 9, 'Vanquish'),
(64, 9, 'Virage'),
(65, 10, '100'),
(66, 10, '200'),
(67, 10, '80'),
(68, 10, '90'),
(69, 10, 'A1'),
(70, 10, 'A2'),
(71, 10, 'A3'),
(72, 10, 'A4'),
(73, 10, 'A4 Allroad'),
(74, 10, 'A5'),
(75, 10, 'A6'),
(76, 10, 'A6 Allroad'),
(77, 10, 'A7'),
(78, 10, 'A8'),
(79, 10, 'Cabriolet'),
(80, 10, 'Coupé'),
(81, 10, 'Q3'),
(82, 10, 'Q5'),
(83, 10, 'Q7'),
(84, 10, 'QUATTRO'),
(85, 10, 'R8'),
(86, 10, 'RS2'),
(87, 10, 'RS3'),
(88, 10, 'RS4'),
(89, 10, 'RS5'),
(90, 10, 'RS6'),
(91, 10, 'RS7'),
(92, 10, 'S2'),
(93, 10, 'S3'),
(94, 10, 'S4'),
(95, 10, 'S5'),
(96, 10, 'S6'),
(97, 10, 'S7'),
(98, 10, 'S8'),
(99, 10, 'SQ5'),
(100, 10, 'TT (All)'),
(101, 10, 'TT'),
(102, 10, 'TT RS'),
(103, 10, 'TTS'),
(104, 10, 'V8'),
(105, 13, 'Series 1 (All)'),
(106, 13, '114'),
(107, 13, '116'),
(108, 13, '118'),
(109, 13, '120'),
(110, 13, '123'),
(111, 13, '125'),
(112, 13, '130'),
(113, 13, '135'),
(114, 13, '2002'),
(115, 13, 'Series 3 (All)'),
(116, 13, '315'),
(117, 13, '316'),
(118, 13, '318'),
(119, 13, '318 Gran Turismo'),
(120, 13, '320'),
(121, 13, '320 Gran Turismo'),
(122, 13, '323'),
(123, 13, '324'),
(124, 13, '325'),
(125, 13, '328'),
(126, 13, '328 Gran Turismo'),
(127, 13, '330'),
(128, 13, '335'),
(129, 13, '335 Gran Turismo'),
(130, 13, 'ActiveHybrid 3'),
(131, 13, 'Series 4 (All)'),
(132, 13, '420'),
(133, 13, '428'),
(134, 13, '430'),
(135, 13, '435'),
(136, 13, 'Series 5 (All)'),
(137, 13, '518'),
(138, 13, '520'),
(139, 13, '520 Gran Turismo'),
(140, 13, '523'),
(141, 13, '524'),
(142, 13, '525'),
(143, 13, '528'),
(144, 13, '530'),
(145, 13, '530 Gran Turismo'),
(146, 13, '535'),
(147, 13, '535 Gran Turismo'),
(148, 13, '540'),
(149, 13, '545'),
(150, 13, '550'),
(151, 13, '550 Gran Turismo'),
(152, 13, 'ActiveHybrid 5'),
(153, 13, 'Series 6 (All)'),
(154, 13, '628'),
(155, 13, '630'),
(156, 13, '633'),
(157, 13, '635'),
(158, 13, '640'),
(159, 13, '645'),
(160, 13, '650'),
(161, 13, 'Series 7 (All)'),
(162, 13, '725'),
(163, 13, '728'),
(164, 13, '730'),
(165, 13, '732'),
(166, 13, '735'),
(167, 13, '740'),
(168, 13, '745'),
(169, 13, '750'),
(170, 13, '760'),
(171, 13, 'ActiveHybrid 7'),
(172, 13, '840'),
(173, 13, '850'),
(174, 13, 'i3'),
(175, 13, 'M Models (All)'),
(176, 13, 'M135'),
(177, 13, 'M3'),
(178, 13, 'M5'),
(179, 13, 'M6'),
(180, 13, 'X5 M'),
(181, 13, 'X6 M'),
(182, 13, 'Z3 M'),
(183, 13, 'Z4 M'),
(184, 13, 'Series X (All)'),
(185, 13, 'ActiveHybrid X6'),
(186, 13, 'X1'),
(187, 13, 'X3'),
(188, 13, 'X5'),
(189, 13, 'X5 M'),
(190, 13, 'X6'),
(191, 13, 'X6 M'),
(192, 13, 'Series Z (All)'),
(193, 13, 'Z1'),
(194, 13, 'Z3'),
(195, 13, 'Z3 M'),
(196, 13, 'Z4'),
(197, 13, 'Z4 M'),
(198, 13, 'Z8'),
(199, 14, 'Arnage'),
(200, 14, 'Azure'),
(201, 14, 'Brooklands'),
(202, 14, 'Continental (All)'),
(203, 14, 'Continental'),
(204, 14, 'Continental Flying Spur'),
(205, 14, 'Continental GT'),
(206, 14, 'Continental GTC'),
(207, 14, 'Continental Supersports'),
(208, 14, 'Eight'),
(209, 14, 'Mulsanne'),
(210, 14, 'Turbo R'),
(211, 14, 'Turbo RT'),
(212, 14, 'Turbo S'),
(213, 16, 'BC3'),
(214, 16, 'BS2'),
(215, 16, 'BS4'),
(216, 16, 'BS6'),
(217, 17, 'EB 110'),
(218, 17, 'Veyron'),
(219, 18, 'Century'),
(220, 18, 'Electra'),
(221, 18, 'Enclave'),
(222, 18, 'La Crosse'),
(223, 18, 'Le Sabre'),
(224, 18, 'Park Avenue'),
(225, 18, 'Regal'),
(226, 18, 'Riviera'),
(227, 18, 'Roadmaster'),
(228, 18, 'Skylark'),
(229, 19, 'Allante'),
(230, 19, 'ATS'),
(231, 19, 'BLS'),
(232, 19, 'CTS'),
(233, 19, 'Deville'),
(234, 19, 'Eldorado'),
(235, 19, 'Escalade'),
(236, 19, 'Fleetwood'),
(237, 19, 'Seville'),
(238, 19, 'SRX'),
(239, 19, 'STS'),
(240, 19, 'XLR'),
(241, 22, '2500'),
(242, 22, 'Alero'),
(243, 22, 'Astro'),
(244, 22, 'Avalanche'),
(245, 22, 'Aveo'),
(246, 22, 'Beretta'),
(247, 22, 'Blazer'),
(248, 22, 'C1500'),
(249, 22, 'Camaro'),
(250, 22, 'Caprice'),
(251, 22, 'Captiva'),
(252, 22, 'Cavalier'),
(253, 22, 'Chevelle'),
(254, 22, 'Chevy Van'),
(255, 22, 'Citation'),
(256, 22, 'Colorado'),
(257, 22, 'Corsica'),
(258, 22, 'Cruze'),
(259, 22, 'El Camino'),
(260, 22, 'Epica'),
(261, 22, 'Evanda'),
(262, 22, 'Express'),
(263, 22, 'G'),
(264, 22, 'HHR'),
(265, 22, 'Impala'),
(266, 22, 'K1500'),
(267, 22, 'K30'),
(268, 22, 'Kalos'),
(269, 22, 'Lacetti'),
(270, 22, 'Lumina'),
(271, 22, 'Malibu'),
(272, 22, 'Matiz'),
(273, 22, 'Nubira'),
(274, 22, 'Orlando'),
(275, 22, 'Rezzo'),
(276, 22, 'S-10'),
(277, 22, 'Silverado'),
(278, 22, 'Spark'),
(279, 22, 'SSR'),
(280, 22, 'Suburban'),
(281, 22, 'Tahoe'),
(282, 22, 'Trailblazer'),
(283, 22, 'Trans Sport'),
(284, 22, 'Trax'),
(285, 22, 'Venture'),
(286, 22, 'Volt'),
(287, 23, '300 M'),
(288, 23, '300C'),
(289, 23, 'Aspen'),
(290, 23, 'Crossfire'),
(291, 23, 'Daytona'),
(292, 23, 'ES'),
(293, 23, 'Grand Voyager'),
(294, 23, 'GS'),
(295, 23, 'GTS'),
(296, 23, 'Imperial'),
(297, 23, 'Le Baron'),
(298, 23, 'Neon'),
(299, 23, 'New Yorker'),
(300, 23, 'Pacifica'),
(301, 23, 'PT Cruiser'),
(302, 23, 'Saratoga'),
(303, 23, 'Sebring'),
(304, 23, 'Stratus'),
(305, 23, 'Valiant'),
(306, 23, 'Viper'),
(307, 23, 'Vision'),
(308, 23, 'Voyager'),
(309, 24, '2 CV'),
(310, 24, 'AX'),
(311, 24, 'Berlingo'),
(312, 24, 'BX'),
(313, 24, 'C-Crosser'),
(314, 24, 'C-Zero'),
(315, 24, 'C1'),
(316, 24, 'C2'),
(317, 24, 'C3'),
(318, 24, 'C3 Picasso'),
(319, 24, 'C4'),
(320, 24, 'C4 Aircross'),
(321, 24, 'C4 Picasso'),
(322, 24, 'C5'),
(323, 24, 'C6'),
(324, 24, 'C8'),
(325, 24, 'CX'),
(326, 24, 'DS'),
(327, 24, 'DS3'),
(328, 24, 'DS4'),
(329, 24, 'DS5'),
(330, 24, 'Evasion'),
(331, 24, 'Grand C4 Picasso'),
(332, 24, 'GSA'),
(333, 24, 'Jumper'),
(334, 24, 'Jumpy'),
(335, 24, 'Nemo'),
(336, 24, 'SAXO'),
(337, 24, 'SM'),
(338, 24, 'Visa'),
(339, 24, 'Xantia'),
(340, 24, 'XM'),
(341, 24, 'Xsara'),
(342, 24, 'Xsara Picasso'),
(343, 24, 'ZX'),
(344, 26, 'C1'),
(345, 26, 'C2'),
(346, 26, 'C3'),
(347, 26, 'C4'),
(348, 26, 'C5'),
(349, 26, 'C6'),
(350, 26, 'C7'),
(351, 26, 'Z06'),
(352, 26, 'ZR 1'),
(353, 27, 'Dokker'),
(354, 27, 'Duster'),
(355, 27, 'Lodgy'),
(356, 27, 'Logan'),
(357, 27, 'Logan Pick-Up'),
(358, 27, 'Pick Up'),
(359, 27, 'Sandero'),
(360, 28, 'Espero'),
(361, 28, 'Evanda'),
(362, 28, 'Kalos'),
(363, 28, 'Korando'),
(364, 28, 'Lacetti'),
(365, 28, 'Lanos'),
(366, 28, 'Leganza'),
(367, 28, 'Matiz'),
(368, 28, 'Musso'),
(369, 28, 'Nexia'),
(370, 28, 'Nubira'),
(371, 28, 'Rezzo'),
(372, 28, 'Tacuma'),
(373, 29, 'Applause'),
(374, 29, 'Charade'),
(375, 29, 'Charmant'),
(376, 29, 'Copen'),
(377, 29, 'Cuore'),
(378, 29, 'Feroza/Sportrak'),
(379, 29, 'Freeclimber'),
(380, 29, 'Gran Move'),
(381, 29, 'Hijet'),
(382, 29, 'MATERIA'),
(383, 29, 'Move'),
(384, 29, 'Rocky/Fourtrak'),
(385, 29, 'Sirion'),
(386, 29, 'Terios'),
(387, 29, 'TREVIS'),
(388, 29, 'YRV'),
(389, 30, 'Guarà'),
(390, 30, 'Pantera'),
(391, 31, 'Avenger'),
(392, 31, 'Caliber'),
(393, 31, 'Challenger'),
(394, 31, 'Charger'),
(395, 31, 'Dakota'),
(396, 31, 'Demon'),
(397, 31, 'Durango'),
(398, 31, 'Grand Caravan'),
(399, 31, 'Hornet'),
(400, 31, 'Journey'),
(401, 31, 'Magnum'),
(402, 31, 'Neon'),
(403, 31, 'Nitro'),
(404, 31, 'RAM'),
(405, 31, 'Stealth'),
(406, 31, 'Viper'),
(407, 32, '208'),
(408, 32, '246'),
(409, 32, '250'),
(410, 32, '275'),
(411, 32, '288'),
(412, 32, '308'),
(413, 32, '328'),
(414, 32, '330'),
(415, 32, '348'),
(416, 32, '360'),
(417, 32, '365'),
(418, 32, '400'),
(419, 32, '412'),
(420, 32, '456'),
(421, 32, '458'),
(422, 32, '512'),
(423, 32, '550'),
(424, 32, '575'),
(425, 32, '599 GTB'),
(426, 32, '612'),
(427, 32, '750'),
(428, 32, 'California'),
(429, 32, 'Daytona'),
(430, 32, 'Dino GT4'),
(431, 32, 'Enzo Ferrari'),
(432, 32, 'F12'),
(433, 32, 'F355'),
(434, 32, 'F40'),
(435, 32, 'F430'),
(436, 32, 'F50'),
(437, 32, 'FF'),
(438, 32, 'LaFerrari'),
(439, 32, 'Mondial'),
(440, 32, 'Superamerica'),
(441, 32, 'Testarossa'),
(442, 33, '124'),
(443, 33, '126'),
(444, 33, '127'),
(445, 33, '130'),
(446, 33, '131'),
(447, 33, '500'),
(448, 33, '500C'),
(449, 33, '500L'),
(450, 33, 'Barchetta'),
(451, 33, 'Brava'),
(452, 33, 'Bravo'),
(453, 33, 'Cinquecento'),
(454, 33, 'Coupe'),
(455, 33, 'Croma'),
(456, 33, 'Dino'),
(457, 33, 'Doblo'),
(458, 33, 'Ducato'),
(459, 33, 'Fiorino'),
(460, 33, 'Freemont'),
(461, 33, 'Grande Punto'),
(462, 33, 'Idea'),
(463, 33, 'Linea'),
(464, 33, 'Marea'),
(465, 33, 'Marengo'),
(466, 33, 'Multipla'),
(467, 33, 'New Panda'),
(468, 33, 'Palio'),
(469, 33, 'Panda'),
(470, 33, 'Punto'),
(471, 33, 'Punto Evo'),
(472, 33, 'Qubo'),
(473, 33, 'Regata'),
(474, 33, 'Ritmo'),
(475, 33, 'Scudo'),
(476, 33, 'Sedici'),
(477, 33, 'Seicento'),
(478, 33, 'Spider Europa'),
(479, 33, 'Stilo'),
(480, 33, 'Strada'),
(481, 33, 'Tempra'),
(482, 33, 'Tipo'),
(483, 33, 'Ulysse'),
(484, 33, 'Uno'),
(485, 33, 'X 1/9'),
(486, 34, 'Karma'),
(487, 35, 'Aerostar'),
(488, 35, 'B-Max'),
(489, 35, 'Bronco'),
(490, 35, 'C-Max'),
(491, 35, 'Capri'),
(492, 35, 'Cougar'),
(493, 35, 'Courier'),
(494, 35, 'Crown'),
(495, 35, 'Econoline'),
(496, 35, 'Econovan'),
(497, 35, 'Edge'),
(498, 35, 'Escape'),
(499, 35, 'Escort'),
(500, 35, 'Excursion'),
(501, 35, 'Expedition'),
(502, 35, 'Explorer'),
(503, 35, 'Express'),
(504, 35, 'F 150'),
(505, 35, 'F 250'),
(506, 35, 'F 350'),
(507, 35, 'Fairlane'),
(508, 35, 'Falcon'),
(509, 35, 'Fiesta'),
(510, 35, 'Flex'),
(511, 35, 'Focus'),
(512, 35, 'Fusion'),
(513, 35, 'Galaxy'),
(514, 35, 'Granada'),
(515, 35, 'Grand C-Max'),
(516, 35, 'GT'),
(517, 35, 'Ka'),
(518, 35, 'Kuga'),
(519, 35, 'Maverick'),
(520, 35, 'Mercury'),
(521, 35, 'Mondeo'),
(522, 35, 'Mustang'),
(523, 35, 'Orion'),
(524, 35, 'Probe'),
(525, 35, 'Puma'),
(526, 35, 'Ranger'),
(527, 35, 'S-Max'),
(528, 35, 'Scorpio'),
(529, 35, 'Sierra'),
(530, 35, 'Sportka'),
(531, 35, 'Streetka'),
(532, 35, 'Taunus'),
(533, 35, 'Taurus'),
(534, 35, 'Thunderbird'),
(535, 35, 'Tourneo'),
(536, 35, 'Transit (All)'),
(537, 35, 'Transit'),
(538, 35, 'Transit Connect'),
(539, 35, 'Windstar'),
(540, 36, 'Acadia'),
(541, 36, 'Envoy'),
(542, 36, 'Safari'),
(543, 36, 'Savana'),
(544, 36, 'Sierra'),
(545, 36, 'Sonoma'),
(546, 36, 'Syclone'),
(547, 36, 'Typhoon'),
(548, 36, 'Vandura'),
(549, 36, 'Yukon'),
(550, 37, 'Sonique'),
(551, 40, 'Accord'),
(552, 40, 'Aerodeck'),
(553, 40, 'Civic'),
(554, 40, 'Concerto'),
(555, 40, 'CR-V'),
(556, 40, 'CR-Z'),
(557, 40, 'CRX'),
(558, 40, 'Element'),
(559, 40, 'FR-V'),
(560, 40, 'HR-V'),
(561, 40, 'Insight'),
(562, 40, 'Integra'),
(563, 40, 'Jazz'),
(564, 40, 'Legend'),
(565, 40, 'Logo'),
(566, 40, 'NSX'),
(567, 40, 'Odyssey'),
(568, 40, 'Prelude'),
(569, 40, 'S2000'),
(570, 40, 'Shuttle'),
(571, 40, 'Stream'),
(572, 41, 'H1'),
(573, 41, 'H2'),
(574, 41, 'H3'),
(575, 42, 'Accent'),
(576, 42, 'Atos'),
(577, 42, 'Azera'),
(578, 42, 'Coupe'),
(579, 42, 'Elantra'),
(580, 42, 'Excel'),
(581, 42, 'Galloper'),
(582, 42, 'Genesis'),
(583, 42, 'Getz'),
(584, 42, 'Grandeur'),
(585, 42, 'H 100'),
(586, 42, 'H 200'),
(587, 42, 'H-1'),
(588, 42, 'H-1 Starex'),
(589, 42, 'i10'),
(590, 42, 'i20'),
(591, 42, 'i30'),
(592, 42, 'i40'),
(593, 42, 'i50'),
(594, 42, 'ix20'),
(595, 42, 'ix35'),
(596, 42, 'ix55'),
(597, 42, 'Lantra'),
(598, 42, 'Matrix'),
(599, 42, 'Pony'),
(600, 42, 'S-Coupe'),
(601, 42, 'Santa Fe'),
(602, 42, 'Santamo'),
(603, 42, 'Sonata'),
(604, 42, 'Terracan'),
(605, 42, 'Trajet'),
(606, 42, 'Tucson'),
(607, 42, 'Veloster'),
(608, 42, 'Veracruz'),
(609, 42, 'XG 30'),
(610, 42, 'XG 350'),
(611, 43, 'EX35'),
(612, 43, 'EX37'),
(613, 43, 'FX'),
(614, 43, 'G35'),
(615, 43, 'G37'),
(616, 43, 'M30'),
(617, 43, 'M35'),
(618, 43, 'M37'),
(619, 43, 'Q45'),
(620, 43, 'QX56'),
(621, 44, 'Campo'),
(622, 44, 'D-Max'),
(623, 44, 'Gemini'),
(624, 44, 'Midi'),
(625, 44, 'PICK UP'),
(626, 44, 'Trooper'),
(627, 45, 'Massif'),
(628, 46, 'Daimler'),
(629, 46, 'E-Type'),
(630, 46, 'F-Type'),
(631, 46, 'MK II'),
(632, 46, 'S-Type'),
(633, 46, 'X-Type'),
(634, 46, 'XF'),
(635, 46, 'XJ'),
(636, 46, 'XJ12'),
(637, 46, 'XJ40'),
(638, 46, 'XJ6'),
(639, 46, 'XJ8'),
(640, 46, 'XJR'),
(641, 46, 'XJS'),
(642, 46, 'XJSC'),
(643, 46, 'XK'),
(644, 46, 'XKR'),
(645, 47, 'Cherokee'),
(646, 47, 'CJ'),
(647, 47, 'Comanche'),
(648, 47, 'Commander'),
(649, 47, 'Compass'),
(650, 47, 'Grand Cherokee'),
(651, 47, 'Patriot'),
(652, 47, 'Renegade'),
(653, 47, 'Wagoneer'),
(654, 47, 'Willys'),
(655, 47, 'Wrangler'),
(656, 48, 'X-BOW'),
(657, 49, 'Besta'),
(658, 49, 'Borrego'),
(659, 49, 'Carens'),
(660, 49, 'Carnival'),
(661, 49, 'cee''d'),
(662, 49, 'cee''d Sportswagon'),
(663, 49, 'Cerato'),
(664, 49, 'Clarus'),
(665, 49, 'Elan'),
(666, 49, 'Joice'),
(667, 49, 'K2500'),
(668, 49, 'K2700'),
(669, 49, 'Leo'),
(670, 49, 'Magentis'),
(671, 49, 'Mentor'),
(672, 49, 'Mini'),
(673, 49, 'Opirus'),
(674, 49, 'Optima'),
(675, 49, 'Picanto'),
(676, 49, 'Pregio'),
(677, 49, 'Pride'),
(678, 49, 'pro_cee''d'),
(679, 49, 'Retona'),
(680, 49, 'Rio'),
(681, 49, 'Roadster'),
(682, 49, 'Rocsta'),
(683, 49, 'Sephia'),
(684, 49, 'Shuma'),
(685, 49, 'Sorento'),
(686, 49, 'Soul'),
(687, 49, 'Sportage'),
(688, 49, 'Venga'),
(689, 50, 'CCR'),
(690, 51, '110'),
(691, 51, '111'),
(692, 51, '112'),
(693, 51, '1200'),
(694, 51, '2107'),
(695, 51, '2110'),
(696, 51, '2111'),
(697, 51, '2112'),
(698, 51, 'Aleko'),
(699, 51, 'Forma'),
(700, 51, 'Kalina'),
(701, 51, 'Niva'),
(702, 51, 'Nova'),
(703, 51, 'Priora'),
(704, 51, 'Samara'),
(705, 52, 'Aventador'),
(706, 52, 'Countach'),
(707, 52, 'Diablo'),
(708, 52, 'Espada'),
(709, 52, 'Gallardo'),
(710, 52, 'Jalpa'),
(711, 52, 'LM'),
(712, 52, 'Miura'),
(713, 52, 'Murciélago'),
(714, 52, 'Urraco'),
(715, 53, 'Beta'),
(716, 53, 'Dedra'),
(717, 53, 'Delta'),
(718, 53, 'Flaminia'),
(719, 53, 'Flavia'),
(720, 53, 'Fulvia'),
(721, 53, 'Gamma'),
(722, 53, 'Kappa'),
(723, 53, 'Lybra'),
(724, 53, 'MUSA'),
(725, 53, 'Phedra'),
(726, 53, 'Prisma'),
(727, 53, 'Stratos'),
(728, 53, 'Thema'),
(729, 53, 'Thesis'),
(730, 53, 'Voyager'),
(731, 53, 'Ypsilon'),
(732, 53, 'Zeta'),
(733, 54, 'Defender'),
(734, 54, 'Discovery'),
(735, 54, 'Freelander'),
(736, 54, 'Range Rover'),
(737, 54, 'Range Rover Evoque'),
(738, 54, 'Range Rover Sport'),
(739, 54, 'Serie I'),
(740, 54, 'Serie II'),
(741, 54, 'Serie III'),
(742, 55, 'CV-9'),
(743, 55, 'S'),
(744, 55, 'SC2'),
(745, 55, 'SC4'),
(746, 56, 'CT 200h'),
(747, 56, 'ES Series (All)'),
(748, 56, 'ES 300'),
(749, 56, 'ES 330'),
(750, 56, 'ES 350'),
(751, 56, 'GS Series (All)'),
(752, 56, 'GS 250'),
(753, 56, 'GS 300'),
(754, 56, 'GS 350'),
(755, 56, 'GS 430'),
(756, 56, 'GS 450'),
(757, 56, 'GS 460'),
(758, 56, 'GX 470'),
(759, 56, 'IS Series (All)'),
(760, 56, 'IS 200'),
(761, 56, 'IS 220'),
(762, 56, 'IS 250'),
(763, 56, 'IS 300'),
(764, 56, 'IS 350'),
(765, 56, 'IS-F'),
(766, 56, 'LS Series (All)'),
(767, 56, 'LS 400'),
(768, 56, 'LS 430'),
(769, 56, 'LS 460'),
(770, 56, 'LS 600'),
(771, 56, 'LX Series (All)'),
(772, 56, 'LX 470'),
(773, 56, 'LX 570'),
(774, 56, 'RX Series (All)'),
(775, 56, 'RX 300'),
(776, 56, 'RX 330'),
(777, 56, 'RX 350'),
(778, 56, 'RX 400'),
(779, 56, 'RX 450'),
(780, 56, 'SC 400'),
(781, 56, 'SC 430'),
(782, 57, 'Ambra'),
(783, 57, 'Nova'),
(784, 57, 'Optima'),
(785, 57, 'X - Too'),
(786, 58, 'Aviator'),
(787, 58, 'Continental'),
(788, 58, 'LS'),
(789, 58, 'Mark'),
(790, 58, 'Navigator'),
(791, 58, 'Town Car'),
(792, 59, '340 R'),
(793, 59, 'Cortina'),
(794, 59, 'Elan'),
(795, 59, 'Elise'),
(796, 59, 'Elite'),
(797, 59, 'Esprit'),
(798, 59, 'Europa'),
(799, 59, 'Evora'),
(800, 59, 'Excel'),
(801, 59, 'Exige'),
(802, 59, 'Super Seven'),
(803, 60, 'MGA'),
(804, 60, 'MGB'),
(805, 60, 'MGF'),
(806, 60, 'Midget'),
(807, 60, 'Montego'),
(808, 60, 'TD'),
(809, 60, 'TF'),
(810, 60, 'ZR'),
(811, 60, 'ZS'),
(812, 60, 'ZT'),
(813, 61, 'Cabrio Series (All)'),
(814, 61, 'Cooper Cabrio'),
(815, 61, 'Cooper D Cabrio'),
(816, 61, 'Cooper S Cabrio'),
(817, 61, 'Cooper SD Cabrio'),
(818, 61, 'John Cooper Works Cabrio'),
(819, 61, 'One Cabrio'),
(820, 61, 'Clubman Series (All)'),
(821, 61, 'Cooper Clubman'),
(822, 61, 'Cooper D Clubman'),
(823, 61, 'Cooper S Clubman'),
(824, 61, 'Cooper SD Clubman'),
(825, 61, 'John Cooper Works Clubman'),
(826, 61, 'One Clubman'),
(827, 61, 'One D Clubman'),
(828, 61, 'Clubvan'),
(829, 61, 'Countryman Series (All)'),
(830, 61, 'Cooper Countryman'),
(831, 61, 'Cooper D Countryman'),
(832, 61, 'Cooper S Countryman'),
(833, 61, 'Cooper SD Countryman'),
(834, 61, 'John Cooper Works Countryman'),
(835, 61, 'One Countryman'),
(836, 61, 'One D Countryman'),
(837, 61, 'Coupe Series (All)'),
(838, 61, 'Cooper Coupé'),
(839, 61, 'Cooper S Coupé'),
(840, 61, 'Cooper SD Coupé'),
(841, 61, 'John Cooper Works Coupé'),
(842, 61, 'MINI (All)'),
(843, 61, '1000'),
(844, 61, '1300'),
(845, 61, 'Cooper'),
(846, 61, 'Cooper D'),
(847, 61, 'Cooper S'),
(848, 61, 'Cooper SD'),
(849, 61, 'John Cooper Works'),
(850, 61, 'ONE'),
(851, 61, 'One D'),
(852, 61, 'Paceman Series (All)'),
(853, 61, 'Cooper D Paceman'),
(854, 61, 'Cooper Paceman'),
(855, 61, 'Cooper S Paceman'),
(856, 61, 'Cooper SD Paceman'),
(857, 61, 'John Cooper Works Paceman'),
(858, 61, 'Roadster Series (All)'),
(859, 61, 'Cooper Roadster'),
(860, 61, 'Cooper S Roadster'),
(861, 61, 'Cooper SD Roadster'),
(862, 61, 'John Cooper Works Roadster'),
(863, 63, '222'),
(864, 63, '224'),
(865, 63, '228'),
(866, 63, '3200'),
(867, 63, '418'),
(868, 63, '420'),
(869, 63, '4200'),
(870, 63, '422'),
(871, 63, '424'),
(872, 63, '430'),
(873, 63, 'Biturbo'),
(874, 63, 'Ghibli'),
(875, 63, 'GranCabrio'),
(876, 63, 'Gransport'),
(877, 63, 'Granturismo'),
(878, 63, 'Indy'),
(879, 63, 'Karif'),
(880, 63, 'MC12'),
(881, 63, 'Merak'),
(882, 63, 'Quattroporte'),
(883, 63, 'Shamal'),
(884, 63, 'Spyder'),
(885, 64, '57'),
(886, 64, '62'),
(887, 65, '121'),
(888, 65, '2'),
(889, 65, '3'),
(890, 65, '323'),
(891, 65, '5'),
(892, 65, '6'),
(893, 65, '626'),
(894, 65, '929'),
(895, 65, 'B series'),
(896, 65, 'Bongo'),
(897, 65, 'BT-50'),
(898, 65, 'CX-5'),
(899, 65, 'CX-7'),
(900, 65, 'CX-9'),
(901, 65, 'Demio'),
(902, 65, 'E series'),
(903, 65, 'Millenia'),
(904, 65, 'MPV'),
(905, 65, 'MX-3'),
(906, 65, 'MX-5'),
(907, 65, 'MX-6'),
(908, 65, 'Premacy'),
(909, 65, 'Protege'),
(910, 65, 'RX-6'),
(911, 65, 'RX-7'),
(912, 65, 'RX-8'),
(913, 65, 'Tribute'),
(914, 65, 'Xedos'),
(915, 66, 'MP4-12C'),
(916, 67, '190'),
(917, 67, '200'),
(918, 67, '220'),
(919, 67, '230'),
(920, 67, '240'),
(921, 67, '250'),
(922, 67, '260'),
(923, 67, '270'),
(924, 67, '280'),
(925, 67, '290'),
(926, 67, '300'),
(927, 67, '320'),
(928, 67, '350'),
(929, 67, '380'),
(930, 67, '400'),
(931, 67, '416'),
(932, 67, '420'),
(933, 67, '450'),
(934, 67, '500'),
(935, 67, '560'),
(936, 67, '600'),
(937, 67, 'A-Klasse (All)'),
(938, 67, 'A 140'),
(939, 67, 'A 150'),
(940, 67, 'A 160'),
(941, 67, 'A 170'),
(942, 67, 'A 180'),
(943, 67, 'A 190'),
(944, 67, 'A 200'),
(945, 67, 'A 210'),
(946, 67, 'A 220'),
(947, 67, 'A 250'),
(948, 67, 'A 45 AMG'),
(949, 67, 'B-Klasse (All)'),
(950, 67, 'B 150'),
(951, 67, 'B 160'),
(952, 67, 'B 170'),
(953, 67, 'B 180'),
(954, 67, 'B 200'),
(955, 67, 'B 220'),
(956, 67, 'B 250'),
(957, 67, 'C-Klasse (All)'),
(958, 67, 'C 160'),
(959, 67, 'C 180'),
(960, 67, 'C 200'),
(961, 67, 'C 220'),
(962, 67, 'C 230'),
(963, 67, 'C 240'),
(964, 67, 'C 250'),
(965, 67, 'C 270'),
(966, 67, 'C 280'),
(967, 67, 'C 30 AMG'),
(968, 67, 'C 300'),
(969, 67, 'C 32 AMG'),
(970, 67, 'C 320'),
(971, 67, 'C 350'),
(972, 67, 'C 36 AMG'),
(973, 67, 'C 43 AMG'),
(974, 67, 'C 55 AMG'),
(975, 67, 'C 63 AMG'),
(976, 67, 'CE-Klasse (All)'),
(977, 67, 'CE 200'),
(978, 67, 'CE 220'),
(979, 67, 'CE 230'),
(980, 67, 'CE 280'),
(981, 67, 'CE 300'),
(982, 67, 'Citan'),
(983, 67, 'CL-Klasse (All)'),
(984, 67, 'CL 160'),
(985, 67, 'CL 180'),
(986, 67, 'CL 200'),
(987, 67, 'CL 220'),
(988, 67, 'CL 230'),
(989, 67, 'CL 320'),
(990, 67, 'CL 420'),
(991, 67, 'CL 500'),
(992, 67, 'CL 55 AMG'),
(993, 67, 'CL 600'),
(994, 67, 'CL 63 AMG'),
(995, 67, 'CL 65 AMG'),
(996, 67, 'CLA-Klasse (All)'),
(997, 67, 'CLA 180'),
(998, 67, 'CLA 200'),
(999, 67, 'CLA 220'),
(1000, 67, 'CLA 250'),
(1001, 67, 'CLC-Klasse (All)'),
(1002, 67, 'CLC 160'),
(1003, 67, 'CLC 180'),
(1004, 67, 'CLC 200'),
(1005, 67, 'CLC 220'),
(1006, 67, 'CLC 230'),
(1007, 67, 'CLC 250'),
(1008, 67, 'CLC 350'),
(1009, 67, 'CLK-Klasse (All)'),
(1010, 67, 'CLK 200'),
(1011, 67, 'CLK 220'),
(1012, 67, 'CLK 230'),
(1013, 67, 'CLK 240'),
(1014, 67, 'CLK 270'),
(1015, 67, 'CLK 280'),
(1016, 67, 'CLK 320'),
(1017, 67, 'CLK 350'),
(1018, 67, 'CLK 430'),
(1019, 67, 'CLK 500'),
(1020, 67, 'CLK 55 AMG'),
(1021, 67, 'CLK 63 AMG'),
(1022, 67, 'CLS-Klasse (All)'),
(1023, 67, 'CLS 250'),
(1024, 67, 'CLS 280'),
(1025, 67, 'CLS 300'),
(1026, 67, 'CLS 320'),
(1027, 67, 'CLS 350'),
(1028, 67, 'CLS 500'),
(1029, 67, 'CLS 55 AMG'),
(1030, 67, 'CLS 63 AMG'),
(1031, 67, 'E-Klasse (All)'),
(1032, 67, 'E 200'),
(1033, 67, 'E 220'),
(1034, 67, 'E 230'),
(1035, 67, 'E 240'),
(1036, 67, 'E 250'),
(1037, 67, 'E 260'),
(1038, 67, 'E 270'),
(1039, 67, 'E 280'),
(1040, 67, 'E 290'),
(1041, 67, 'E 300'),
(1042, 67, 'E 320'),
(1043, 67, 'E 350'),
(1044, 67, 'E 36 AMG'),
(1045, 67, 'E 400'),
(1046, 67, 'E 420'),
(1047, 67, 'E 430'),
(1048, 67, 'E 50'),
(1049, 67, 'E 500'),
(1050, 67, 'E 55 AMG'),
(1051, 67, 'E 60 AMG'),
(1052, 67, 'E 63 AMG'),
(1053, 67, 'G-Klasse (All)'),
(1054, 67, 'G 230'),
(1055, 67, 'G 240'),
(1056, 67, 'G 250'),
(1057, 67, 'G 270'),
(1058, 67, 'G 280'),
(1059, 67, 'G 290'),
(1060, 67, 'G 300'),
(1061, 67, 'G 320'),
(1062, 67, 'G 350'),
(1063, 67, 'G 400'),
(1064, 67, 'G 500'),
(1065, 67, 'G 55 AMG'),
(1066, 67, 'G 63 AMG'),
(1067, 67, 'G 65 AMG'),
(1068, 67, 'GL-Klasse (All)'),
(1069, 67, 'GL 320'),
(1070, 67, 'GL 350'),
(1071, 67, 'GL 420'),
(1072, 67, 'GL 450'),
(1073, 67, 'GL 500'),
(1074, 67, 'GL 55 AMG'),
(1075, 67, 'GL 63 AMG'),
(1076, 67, 'GLK-Klasse (All)'),
(1077, 67, 'GLK 200'),
(1078, 67, 'GLK 220'),
(1079, 67, 'GLK 250'),
(1080, 67, 'GLK 280'),
(1081, 67, 'GLK 300'),
(1082, 67, 'GLK 320'),
(1083, 67, 'GLK 350'),
(1084, 67, 'MB 100'),
(1085, 67, 'ML-Klasse (All)'),
(1086, 67, 'ML 230'),
(1087, 67, 'ML 250'),
(1088, 67, 'ML 270'),
(1089, 67, 'ML 280'),
(1090, 67, 'ML 300'),
(1091, 67, 'ML 320'),
(1092, 67, 'ML 350'),
(1093, 67, 'ML 400'),
(1094, 67, 'ML 420'),
(1095, 67, 'ML 430'),
(1096, 67, 'ML 450'),
(1097, 67, 'ML 500'),
(1098, 67, 'ML 55 AMG'),
(1099, 67, 'ML 63 AMG'),
(1100, 67, 'R-Klasse (All)'),
(1101, 67, 'R 280'),
(1102, 67, 'R 300'),
(1103, 67, 'R 320'),
(1104, 67, 'R 350'),
(1105, 67, 'R 500'),
(1106, 67, 'R 63 AMG'),
(1107, 67, 'S-Klasse (All)'),
(1108, 67, 'S 250'),
(1109, 67, 'S 260'),
(1110, 67, 'S 280'),
(1111, 67, 'S 300'),
(1112, 67, 'S 320'),
(1113, 67, 'S 350'),
(1114, 67, 'S 400'),
(1115, 67, 'S 420'),
(1116, 67, 'S 430'),
(1117, 67, 'S 450'),
(1118, 67, 'S 500'),
(1119, 67, 'S 55'),
(1120, 67, 'S 550'),
(1121, 67, 'S 600'),
(1122, 67, 'S 63 AMG'),
(1123, 67, 'S 65 AMG'),
(1124, 67, 'SL-Klasse (All)'),
(1125, 67, 'SL 280'),
(1126, 67, 'SL 300'),
(1127, 67, 'SL 320'),
(1128, 67, 'SL 350'),
(1129, 67, 'SL 380'),
(1130, 67, 'SL 420'),
(1131, 67, 'SL 450'),
(1132, 67, 'SL 500'),
(1133, 67, 'SL 55 AMG'),
(1134, 67, 'SL 560'),
(1135, 67, 'SL 60 AMG'),
(1136, 67, 'SL 600'),
(1137, 67, 'SL 63 AMG'),
(1138, 67, 'SL 65 AMG'),
(1139, 67, 'SL 70 AMG'),
(1140, 67, 'SL 73 AMG'),
(1141, 67, 'SLK-Klasse (All)'),
(1142, 67, 'SLK 200'),
(1143, 67, 'SLK 230'),
(1144, 67, 'SLK 250'),
(1145, 67, 'SLK 280'),
(1146, 67, 'SLK 300'),
(1147, 67, 'SLK 32 AMG'),
(1148, 67, 'SLK 320'),
(1149, 67, 'SLK 350'),
(1150, 67, 'SLK 55 AMG'),
(1151, 67, 'SLR'),
(1152, 67, 'SLS AMG'),
(1153, 67, 'Sprinter'),
(1154, 67, 'V-Klasse (All)'),
(1155, 67, 'V 200'),
(1156, 67, 'V 220'),
(1157, 67, 'V 230'),
(1158, 67, 'V 280'),
(1159, 67, 'Vaneo'),
(1160, 67, 'Vario'),
(1161, 67, 'Viano'),
(1162, 67, 'Vito'),
(1163, 68, 'DUÈ'),
(1164, 68, 'M.Go'),
(1165, 68, 'M-8'),
(1166, 68, 'MC1'),
(1167, 68, 'MC2'),
(1168, 69, '3000 GT'),
(1169, 69, 'ASX'),
(1170, 69, 'Canter'),
(1171, 69, 'Carisma'),
(1172, 69, 'Colt'),
(1173, 69, 'Cordia'),
(1174, 69, 'Cosmos'),
(1175, 69, 'Diamante'),
(1176, 69, 'Eclipse'),
(1177, 69, 'Galant'),
(1178, 69, 'Galloper'),
(1179, 69, 'Grandis'),
(1180, 69, 'i-MiEV'),
(1181, 69, 'L200'),
(1182, 69, 'L300'),
(1183, 69, 'L400'),
(1184, 69, 'Lancer'),
(1185, 69, 'Mirage'),
(1186, 69, 'Montero'),
(1187, 69, 'Outlander'),
(1188, 69, 'Pajero'),
(1189, 69, 'Pajero Pinin'),
(1190, 69, 'Pick-up'),
(1191, 69, 'Santamo'),
(1192, 69, 'Sapporo'),
(1193, 69, 'Sigma'),
(1194, 69, 'Space Gear'),
(1195, 69, 'Space Runner'),
(1196, 69, 'Space Star'),
(1197, 69, 'Space Wagon'),
(1198, 69, 'Starion'),
(1199, 69, 'Tredia'),
(1200, 70, '4/4'),
(1201, 70, 'Aero 8'),
(1202, 70, 'Plus 4'),
(1203, 70, 'Plus 8'),
(1204, 70, 'Roadster'),
(1205, 72, '100 NX'),
(1206, 72, '200 SX'),
(1207, 72, '240 SX'),
(1208, 72, '280 ZX'),
(1209, 72, '300 ZX'),
(1210, 72, '350Z'),
(1211, 72, '370Z'),
(1212, 72, 'Almera'),
(1213, 72, 'Almera Tino'),
(1214, 72, 'Altima'),
(1215, 72, 'Armada'),
(1216, 72, 'Bluebird'),
(1217, 72, 'Cabstar'),
(1218, 72, 'Cargo'),
(1219, 72, 'Cherry'),
(1220, 72, 'Cube'),
(1221, 72, 'Evalia'),
(1222, 72, 'Frontier'),
(1223, 72, 'GT-R'),
(1224, 72, 'Interstar'),
(1225, 72, 'Juke'),
(1226, 72, 'King Cab'),
(1227, 72, 'Kubistar'),
(1228, 72, 'Laurel'),
(1229, 72, 'Leaf'),
(1230, 72, 'Maxima'),
(1231, 72, 'Micra'),
(1232, 72, 'Murano'),
(1233, 72, 'Navara'),
(1234, 72, 'Note'),
(1235, 72, 'NP 300'),
(1236, 72, 'NV200'),
(1237, 72, 'NV400'),
(1238, 72, 'Pathfinder'),
(1239, 72, 'Patrol'),
(1240, 72, 'PickUp'),
(1241, 72, 'Pixo'),
(1242, 72, 'Prairie'),
(1243, 72, 'Primastar'),
(1244, 72, 'Primera'),
(1245, 72, 'Qashqai'),
(1246, 72, 'Qashqai+2'),
(1247, 72, 'Quest'),
(1248, 72, 'Sentra'),
(1249, 72, 'Serena'),
(1250, 72, 'Silvia'),
(1251, 72, 'Skyline'),
(1252, 72, 'Sunny'),
(1253, 72, 'Terrano'),
(1254, 72, 'Tiida'),
(1255, 72, 'Titan'),
(1256, 72, 'Trade'),
(1257, 72, 'Urvan'),
(1258, 72, 'Vanette'),
(1259, 72, 'X-Trail'),
(1260, 73, 'Bravada'),
(1261, 73, 'Custom Cruiser'),
(1262, 73, 'Cutlass'),
(1263, 73, 'Delta 88'),
(1264, 73, 'Silhouette'),
(1265, 73, 'Supreme'),
(1266, 73, 'Toronado'),
(1267, 74, 'Adam'),
(1268, 74, 'Agila'),
(1269, 74, 'Ampera'),
(1270, 74, 'Antara'),
(1271, 74, 'Arena'),
(1272, 74, 'Ascona'),
(1273, 74, 'Astra'),
(1274, 74, 'Calibra'),
(1275, 74, 'Campo'),
(1276, 74, 'Cascada'),
(1277, 74, 'Cavalier'),
(1278, 74, 'Combo'),
(1279, 74, 'Commodore'),
(1280, 74, 'Corsa'),
(1281, 74, 'Diplomat'),
(1282, 74, 'Frontera'),
(1283, 74, 'GT'),
(1284, 74, 'Insignia'),
(1285, 74, 'Kadett'),
(1286, 74, 'Manta'),
(1287, 74, 'Meriva'),
(1288, 74, 'Mokka'),
(1289, 74, 'Monterey'),
(1290, 74, 'Monza'),
(1291, 74, 'Movano'),
(1292, 74, 'Nova'),
(1293, 74, 'Omega'),
(1294, 74, 'Pick Up Sportscap'),
(1295, 74, 'Rekord'),
(1296, 74, 'Senator'),
(1297, 74, 'Signum'),
(1298, 74, 'Sintra'),
(1299, 74, 'Speedster'),
(1300, 74, 'Tigra'),
(1301, 74, 'Vectra'),
(1302, 74, 'Vivaro'),
(1303, 74, 'Zafira'),
(1304, 74, 'Zafira Tourer'),
(1305, 76, '1007'),
(1306, 76, '104'),
(1307, 76, '106'),
(1308, 76, '107'),
(1309, 76, '2008'),
(1310, 76, '204'),
(1311, 76, '205'),
(1312, 76, '206'),
(1313, 76, '207'),
(1314, 76, '208'),
(1315, 76, '3008'),
(1316, 76, '301'),
(1317, 76, '304'),
(1318, 76, '305'),
(1319, 76, '306'),
(1320, 76, '307'),
(1321, 76, '308'),
(1322, 76, '309'),
(1323, 76, '4007'),
(1324, 76, '4008'),
(1325, 76, '404'),
(1326, 76, '405'),
(1327, 76, '406'),
(1328, 76, '407'),
(1329, 76, '5008'),
(1330, 76, '504'),
(1331, 76, '505'),
(1332, 76, '508'),
(1333, 76, '604'),
(1334, 76, '605'),
(1335, 76, '607'),
(1336, 76, '806'),
(1337, 76, '807'),
(1338, 76, 'Bipper'),
(1339, 76, 'Bipper Tepee'),
(1340, 76, 'Boxer'),
(1341, 76, 'Expert'),
(1342, 76, 'Expert Tepee'),
(1343, 76, 'iOn'),
(1344, 76, 'J5'),
(1345, 76, 'Partner'),
(1346, 76, 'Partner Tepee'),
(1347, 76, 'RCZ'),
(1348, 76, 'TePee'),
(1349, 77, 'APE'),
(1350, 77, 'APE TM'),
(1351, 77, 'Porter'),
(1352, 78, 'Prowler'),
(1353, 79, '6000'),
(1354, 79, 'Bonneville'),
(1355, 79, 'Fiero'),
(1356, 79, 'Firebird'),
(1357, 79, 'G6'),
(1358, 79, 'Grand-Am'),
(1359, 79, 'Grand-Prix'),
(1360, 79, 'GTO'),
(1361, 79, 'Montana'),
(1362, 79, 'Solstice'),
(1363, 79, 'Sunbird'),
(1364, 79, 'Sunfire'),
(1365, 79, 'Targa'),
(1366, 79, 'Trans Am'),
(1367, 79, 'Trans Sport'),
(1368, 79, 'Vibe'),
(1369, 80, '356'),
(1370, 80, '911 (All)'),
(1371, 80, '911'),
(1372, 80, '964'),
(1373, 80, '991'),
(1374, 80, '993'),
(1375, 80, '996'),
(1376, 80, '997'),
(1377, 80, '912'),
(1378, 80, '914'),
(1379, 80, '924'),
(1380, 80, '928'),
(1381, 80, '944'),
(1382, 80, '959'),
(1383, 80, '962'),
(1384, 80, '968'),
(1385, 80, 'Boxster'),
(1386, 80, 'Carrera GT'),
(1387, 80, 'Cayenne'),
(1388, 80, 'Cayman'),
(1389, 80, 'Panamera'),
(1390, 81, '300 Serie'),
(1391, 81, '400 Serie'),
(1392, 82, 'Alpine A110'),
(1393, 82, 'Alpine A310'),
(1394, 82, 'Alpine V6'),
(1395, 82, 'Avantime'),
(1396, 82, 'Captur'),
(1397, 82, 'Clio'),
(1398, 82, 'Coupe'),
(1399, 82, 'Espace'),
(1400, 82, 'Express'),
(1401, 82, 'Fluence'),
(1402, 82, 'Fuego'),
(1403, 82, 'Grand Espace'),
(1404, 82, 'Grand Modus'),
(1405, 82, 'Grand Scenic'),
(1406, 82, 'Kangoo'),
(1407, 82, 'Koleos'),
(1408, 82, 'Laguna'),
(1409, 82, 'Latitude'),
(1410, 82, 'Mascott'),
(1411, 82, 'Master'),
(1412, 82, 'Megane'),
(1413, 82, 'Modus'),
(1414, 82, 'P 1400'),
(1415, 82, 'R 11'),
(1416, 82, 'R 14'),
(1417, 82, 'R 18'),
(1418, 82, 'R 19'),
(1419, 82, 'R 20'),
(1420, 82, 'R 21'),
(1421, 82, 'R 25'),
(1422, 82, 'R 30'),
(1423, 82, 'R 4'),
(1424, 82, 'R 5'),
(1425, 82, 'R 6'),
(1426, 82, 'R 9'),
(1427, 82, 'Rapid'),
(1428, 82, 'Safrane'),
(1429, 82, 'Scenic'),
(1430, 82, 'Spider'),
(1431, 82, 'Trafic'),
(1432, 82, 'Twingo'),
(1433, 82, 'Twizy'),
(1434, 82, 'Vel Satis'),
(1435, 82, 'Wind'),
(1436, 82, 'ZOE'),
(1437, 83, 'Corniche'),
(1438, 83, 'Flying Spur'),
(1439, 83, 'Ghost'),
(1440, 83, 'Park Ward'),
(1441, 83, 'Phantom'),
(1442, 83, 'Silver Cloud'),
(1443, 83, 'Silver Dawn'),
(1444, 83, 'Silver Seraph'),
(1445, 83, 'Silver Shadow'),
(1446, 83, 'Silver Spirit'),
(1447, 83, 'Silver Spur'),
(1448, 84, '100'),
(1449, 84, '111'),
(1450, 84, '114'),
(1451, 84, '115'),
(1452, 84, '200'),
(1453, 84, '213'),
(1454, 84, '214'),
(1455, 84, '216'),
(1456, 84, '218'),
(1457, 84, '220'),
(1458, 84, '25'),
(1459, 84, '400'),
(1460, 84, '414'),
(1461, 84, '416'),
(1462, 84, '418'),
(1463, 84, '420'),
(1464, 84, '45'),
(1465, 84, '600'),
(1466, 84, '618'),
(1467, 84, '620'),
(1468, 84, '623'),
(1469, 84, '75'),
(1470, 84, '800'),
(1471, 84, '820'),
(1472, 84, '825'),
(1473, 84, '827'),
(1474, 84, 'City Rover'),
(1475, 84, 'Metro'),
(1476, 84, 'Montego'),
(1477, 84, 'SD'),
(1478, 84, 'Streetwise'),
(1479, 86, '9-3'),
(1480, 86, '9-4X'),
(1481, 86, '9-5'),
(1482, 86, '9-7X'),
(1483, 86, '90'),
(1484, 86, '900'),
(1485, 86, '9000'),
(1486, 86, '96'),
(1487, 86, '99'),
(1488, 88, 'Alhambra'),
(1489, 88, 'Altea'),
(1490, 88, 'Arosa'),
(1491, 88, 'Cordoba'),
(1492, 88, 'Exeo'),
(1493, 88, 'Ibiza'),
(1494, 88, 'Inca'),
(1495, 88, 'Leon'),
(1496, 88, 'Malaga'),
(1497, 88, 'Marbella'),
(1498, 88, 'Mii'),
(1499, 88, 'Terra'),
(1500, 88, 'Toledo'),
(1501, 89, '105'),
(1502, 89, '120'),
(1503, 89, '130'),
(1504, 89, '135'),
(1505, 89, 'Citigo'),
(1506, 89, 'Fabia'),
(1507, 89, 'Favorit'),
(1508, 89, 'Felicia'),
(1509, 89, 'Forman'),
(1510, 89, 'Octavia'),
(1511, 89, 'Pick-up'),
(1512, 89, 'Praktik'),
(1513, 89, 'Rapid'),
(1514, 89, 'Roomster'),
(1515, 89, 'Superb'),
(1516, 89, 'Yeti'),
(1517, 90, 'Crossblade'),
(1518, 90, 'ForFour'),
(1519, 90, 'ForTwo'),
(1520, 90, 'Roadster'),
(1521, 92, 'C8'),
(1522, 92, 'C8 AILERON'),
(1523, 92, 'C8 DOUBLE 12 S'),
(1524, 92, 'C8 LAVIOLETTE SWB'),
(1525, 92, 'C8 SPYDER SWB'),
(1526, 93, 'Actyon'),
(1527, 93, 'Family'),
(1528, 93, 'Korando'),
(1529, 93, 'Kyron'),
(1530, 93, 'MUSSO'),
(1531, 93, 'REXTON'),
(1532, 93, 'Rodius'),
(1533, 94, 'B9 Tribeca'),
(1534, 94, 'Baja'),
(1535, 94, 'BRZ'),
(1536, 94, 'Forester'),
(1537, 94, 'Impreza'),
(1538, 94, 'Justy'),
(1539, 94, 'Legacy'),
(1540, 94, 'Libero'),
(1541, 94, 'OUTBACK'),
(1542, 94, 'SVX'),
(1543, 94, 'Trezia'),
(1544, 94, 'Tribeca'),
(1545, 94, 'Vivio'),
(1546, 94, 'XT'),
(1547, 94, 'XV'),
(1548, 95, 'Alto'),
(1549, 95, 'Baleno'),
(1550, 95, 'Cappuccino'),
(1551, 95, 'Carry'),
(1552, 95, 'Grand Vitara'),
(1553, 95, 'Ignis'),
(1554, 95, 'Jimny'),
(1555, 95, 'Kizashi'),
(1556, 95, 'Liana'),
(1557, 95, 'LJ'),
(1558, 95, 'SJ Samurai'),
(1559, 95, 'Splash'),
(1560, 95, 'Super-Carry'),
(1561, 95, 'Swift'),
(1562, 95, 'SX4'),
(1563, 95, 'SX4 S-Cross'),
(1564, 95, 'Vitara'),
(1565, 95, 'Wagon R+'),
(1566, 95, 'X-90'),
(1567, 97, 'Chimaera'),
(1568, 97, 'Griffith'),
(1569, 97, 'Tuscan'),
(1570, 98, 'Horizon'),
(1571, 98, 'Samba'),
(1572, 99, 'Indica'),
(1573, 99, 'Indigo'),
(1574, 99, 'Nano'),
(1575, 99, 'Safari'),
(1576, 99, 'Sumo'),
(1577, 99, 'Telcoline'),
(1578, 99, 'Telcosport'),
(1579, 99, 'Xenon'),
(1580, 101, '4-Runner'),
(1581, 101, 'Auris'),
(1582, 101, 'Auris Touring Sports'),
(1583, 101, 'Avalon'),
(1584, 101, 'Avensis'),
(1585, 101, 'Avensis Verso'),
(1586, 101, 'Aygo'),
(1587, 101, 'Camry'),
(1588, 101, 'Carina'),
(1589, 101, 'Celica'),
(1590, 101, 'Corolla'),
(1591, 101, 'Corolla Verso'),
(1592, 101, 'Cressida'),
(1593, 101, 'Crown'),
(1594, 101, 'Dyna'),
(1595, 101, 'FJ'),
(1596, 101, 'GT86'),
(1597, 101, 'Hiace'),
(1598, 101, 'Highlander'),
(1599, 101, 'Hilux'),
(1600, 101, 'IQ'),
(1601, 101, 'Land Cruiser'),
(1602, 101, 'Lite-Ace'),
(1603, 101, 'MR 2'),
(1604, 101, 'Paseo'),
(1605, 101, 'Picnic'),
(1606, 101, 'Previa'),
(1607, 101, 'Prius'),
(1608, 101, 'Prius+'),
(1609, 101, 'RAV 4'),
(1610, 101, 'Sequoia'),
(1611, 101, 'Sienna'),
(1612, 101, 'Starlet'),
(1613, 101, 'Supra'),
(1614, 101, 'Tacoma'),
(1615, 101, 'Tercel'),
(1616, 101, 'Tundra'),
(1617, 101, 'Urban Cruiser'),
(1618, 101, 'Verso'),
(1619, 101, 'Verso-S'),
(1620, 101, 'Yaris'),
(1621, 102, '601'),
(1622, 103, 'Dolomite'),
(1623, 103, 'Moss'),
(1624, 103, 'Spitfire'),
(1625, 103, 'TR3'),
(1626, 103, 'TR4'),
(1627, 103, 'TR5'),
(1628, 103, 'TR6'),
(1629, 103, 'TR7'),
(1630, 103, 'TR8'),
(1631, 104, '181'),
(1632, 104, 'Amarok'),
(1633, 104, 'Beetle'),
(1634, 104, 'Bora'),
(1635, 104, 'Buggy'),
(1636, 104, 'Caddy'),
(1637, 104, 'CC'),
(1638, 104, 'Corrado'),
(1639, 104, 'Crafter'),
(1640, 104, 'Eos'),
(1641, 104, 'Fox'),
(1642, 104, 'Golf (All)'),
(1643, 104, 'Golf'),
(1644, 104, 'Golf Plus'),
(1645, 104, 'Iltis'),
(1646, 104, 'Jetta'),
(1647, 104, 'Karmann Ghia'),
(1648, 104, 'Käfer'),
(1649, 104, 'LT'),
(1650, 104, 'Lupo'),
(1651, 104, 'New Beetle'),
(1652, 104, 'Passat (All)'),
(1653, 104, 'Passat'),
(1654, 104, 'Passat CC'),
(1655, 104, 'Phaeton'),
(1656, 104, 'Polo'),
(1657, 104, 'Routan'),
(1658, 104, 'Santana'),
(1659, 104, 'Scirocco'),
(1660, 104, 'Sharan'),
(1661, 104, 'T1'),
(1662, 104, 'T2'),
(1663, 104, 'T3 (All)'),
(1664, 104, 'T3 Caravelle'),
(1665, 104, 'T3 Multivan'),
(1666, 104, 'T3 other'),
(1667, 104, 'T3 Kombi'),
(1668, 104, 'T4 (All)'),
(1669, 104, 'T4 California'),
(1670, 104, 'T4 Caravelle'),
(1671, 104, 'T4 Multivan'),
(1672, 104, 'T4 other'),
(1673, 104, 'T4 Kombi'),
(1674, 104, 'T5 (All)'),
(1675, 104, 'T5 California'),
(1676, 104, 'T5 Caravelle'),
(1677, 104, 'T5 Multivan'),
(1678, 104, 'T5 Shuttle'),
(1679, 104, 'T5 other'),
(1680, 104, 'T5 Kombi'),
(1681, 104, 'Taro'),
(1682, 104, 'Tiguan'),
(1683, 104, 'Touareg'),
(1684, 104, 'Touran'),
(1685, 104, 'up!'),
(1686, 104, 'Vento'),
(1687, 105, '240'),
(1688, 105, '244'),
(1689, 105, '245'),
(1690, 105, '262'),
(1691, 105, '264'),
(1692, 105, '340'),
(1693, 105, '360'),
(1694, 105, '440'),
(1695, 105, '460'),
(1696, 105, '480'),
(1697, 105, '740'),
(1698, 105, '744'),
(1699, 105, '745'),
(1700, 105, '760'),
(1701, 105, '780'),
(1702, 105, '850'),
(1703, 105, '855'),
(1704, 105, '940'),
(1705, 105, '944'),
(1706, 105, '945'),
(1707, 105, '960'),
(1708, 105, '965'),
(1709, 105, 'Amazon'),
(1710, 105, 'C30'),
(1711, 105, 'C70'),
(1712, 105, 'Polar'),
(1713, 105, 'S40'),
(1714, 105, 'S60'),
(1715, 105, 'S70'),
(1716, 105, 'S80'),
(1717, 105, 'S90'),
(1718, 105, 'V40'),
(1719, 105, 'V50'),
(1720, 105, 'V60'),
(1721, 105, 'V70'),
(1722, 105, 'V90'),
(1723, 105, 'XC 60'),
(1724, 105, 'XC 70'),
(1725, 105, 'XC 90'),
(1726, 106, '311'),
(1727, 106, '353'),
(1728, 108, 'MF 25'),
(1729, 108, 'MF 28'),
(1730, 108, 'MF 3'),
(1731, 108, 'MF 30'),
(1732, 108, 'MF 35'),
(1733, 108, 'MF 4'),
(1734, 108, 'MF 5');


INSERT INTO `PREFIXpriorities` (`id`, `price`, `order_no`) VALUES (1, 2, 2),(2, 1, 1);
INSERT INTO `PREFIXpriorities_lang` (`id`, `name`) VALUES (1, 'Gold'),(2, 'Silver');

INSERT INTO `PREFIXslugs` (`object_id`, `type`, `slug`) VALUES
(1, 'category', 'cars'),
(2, 'category', 'classic-cars'),
(3, 'category', 'motorcycles-atvs'),
(4, 'category', 'trucks-vans-suvs'),
(5, 'category', 'rvs'),
(6, 'category', 'parts-accessories');
